1a6fa025-e9a9-4c13-8469-34781aea2c9b, Kaitlin, Morar
5b96921c-0606-4826-9cbb-87c598593294, Clyde, Watsica
532e3a03-6fca-439e-8f3f-876934ea7f4b, Jay, Pollich
40e39ae4-a5e1-4110-98fd-7180856d2c3b, Carri, Wyman
7e94f8c7-a517-4586-b736-73cdee9a3596, Harriet, Walsh
40e23b27-18ae-46e0-9fbe-54037d42fdf6, Jacinto, Hamill
1e208343-c545-427c-9b14-d9df1fc95be6, Benton, Hudson
f26fcb3a-c22a-4f07-8f6e-d2f3e2f76840, Illa, Gleichner
e0c1a53f-42e6-4ea1-abce-eed269d6696d, Harris, Wunsch
a9dee1d2-4442-4205-84ec-c8af390c4b9f, Tasha, Koepp
